Consumer,Resource,Certainty
7,126,2
7,137,2
7,139,2
7,140,2
7,216,2
16,1,3
18,125,2
18,126,2
18,138,2
18,139,2
18,140,2
19,1,3
22,6,2
22,15,2
23,6,2
23,12,2
24,6,2
24,12,2
25,6,2
25,15,3
26,12,2
26,17,3
27,15,2
29,5,3
30,5,3
30,8,3
31,8,3
221,17,3
221,221,3
222,41,2
222,95,2
223,105,2
224,135,2
225,150,3
226,81,3
227,67,3
228,1,3
228,153,3
229,160,3
229,167,3
229,181,3
230,52,3
230,690,3
230,691,3
231,1,2
232,1,2
232,11,2
232,14,2
232,21,2
233,1,2
233,8,2
233,9,2
233,15,2
233,88,1
233,243,3
233,244,2
233,248,1
234,9,2
234,12,2
234,13,3
234,22,1
234,23,1
234,24,1
234,25,1
234,26,2
234,27,1
234,28,2
234,30,3
234,31,3
234,244,2
235,1,2
235,244,2
235,247,2
235,248,1
235,389,1
236,1,2
236,3,3
236,5,2
236,8,2
236,26,2
236,28,2
236,30,3
236,31,3
236,32,2
236,35,2
237,1,3
237,3,3
237,5,3
237,10,3
237,16,3
237,26,2
237,31,3
237,32,1
238,1,2
238,26,2
238,28,2
238,29,2
238,30,3
238,31,3
238,32,2
238,33,2
238,34,2
238,35,2
238,36,1
239,34,2
239,35,2
239,36,1
239,243,3
239,244,2
239,245,2
239,247,2
240,1,2
240,2,2
241,28,2
241,29,2
241,32,2
241,33,2
241,83,1
241,87,1
242,1,3
242,3,3
242,10,3
242,13,3
242,20,3
243,1,3
243,17,3
243,26,3
243,28,3
243,29,3
243,30,3
243,31,3
244,1,3
244,17,3
244,26,2
244,28,2
244,29,2
244,30,3
244,31,3
245,9,3
245,20,3
245,22,2
245,23,2
245,24,2
245,25,2
245,28,2
245,29,2
245,30,3
246,9,3
246,26,2
246,27,2
246,30,3
246,31,2
247,1,3
247,3,3
247,4,3
247,10,3
247,13,3
247,28,2
247,29,2
247,30,3
248,1,2
248,4,3
248,10,3
248,13,3
248,20,2
248,30,3
248,35,2
249,24,3
249,28,3
249,30,3
249,32,3
250,1,2
250,9,2
250,17,2
250,20,2
250,26,2
250,30,3
250,33,2
250,243,3
250,279,1
251,252,2
251,253,3
251,255,3
251,256,3
251,259,3
251,278,3
251,279,3
251,281,3
251,282,3
251,283,3
251,389,3
251,404,2
251,407,2
251,410,2
251,437,2
251,438,3
251,439,3
251,440,3
251,446,3
251,448,3
251,459,3
251,460,3
251,461,3
251,462,3
251,463,3
251,464,3
251,465,3
251,470,2
251,471,2
251,478,3
251,479,3
251,489,3
251,492,3
251,494,3
251,495,3
251,496,3
251,497,3
251,498,3
251,499,3
251,500,3
251,501,3
251,526,3
251,532,3
251,537,3
251,538,3
251,544,3
252,250,3
252,254,2
252,255,3
252,256,3
252,257,3
252,259,3
252,260,3
252,278,3
252,284,3
252,285,3
252,287,3
252,307,3
252,436,3
252,437,3
252,438,3
252,439,3
252,440,3
252,441,3
252,456,3
252,460,3
252,462,3
252,463,3
252,464,3
252,466,3
252,470,2
252,471,2
252,476,3
252,478,3
252,489,3
252,491,3
252,492,3
252,493,3
252,494,3
252,497,3
252,498,3
252,499,3
252,520,3
252,521,3
252,536,2
252,541,2
252,544,3
252,546,2
253,251,3
253,252,3
253,253,1
253,254,3
253,255,3
253,256,3
253,257,1
253,276,3
253,284,1
253,289,1
253,295,1
253,296,1
253,297,1
253,304,1
253,437,1
253,438,1
253,440,1
253,441,2
253,460,2
253,461,1
253,462,1
253,463,1
253,464,1
253,465,3
253,470,3
253,490,1
253,492,1
253,495,1
253,496,3
253,498,1
253,499,3
253,501,3
253,521,3
253,537,3
253,538,3
254,212,3
254,250,3
254,254,2
254,255,3
254,256,2
254,276,3
254,281,3
254,284,3
254,290,3
254,295,3
254,296,3
254,297,3
254,304,3
254,305,3
254,389,3
254,437,3
254,459,3
254,461,3
254,463,3
254,464,3
254,465,3
254,474,3
254,475,3
254,490,3
254,492,3
254,493,3
254,494,3
254,495,3
254,496,2
254,497,3
254,498,3
254,499,3
254,500,3
254,501,3
254,535,3
254,536,2
254,541,2
255,250,3
255,255,3
255,281,3
255,292,3
255,295,3
255,296,3
255,297,3
255,304,3
255,305,3
255,399,3
255,437,3
255,438,3
255,439,3
255,440,3
255,441,3
255,459,3
255,460,3
255,461,3
255,462,3
255,463,3
255,464,3
255,465,3
255,470,3
255,477,3
255,489,3
255,492,3
255,493,3
255,494,3
255,495,3
255,496,3
255,497,3
255,498,3
255,499,3
255,500,3
255,520,3
255,538,3
255,542,3
256,39,3
256,250,3
256,257,3
256,274,3
256,275,3
256,296,3
256,297,3
256,305,3
256,350,3
256,403,3
256,436,3
256,437,3
256,439,3
256,440,3
256,441,3
256,447,3
256,459,3
256,460,3
256,462,3
256,464,3
256,465,3
256,470,3
256,475,3
256,478,3
256,479,3
256,490,3
256,492,3
256,493,3
256,494,3
256,495,3
256,496,3
256,497,3
256,498,3
256,501,3
256,526,3
257,1,2
257,9,2
257,17,2
257,28,2
257,30,3
257,31,3
257,32,2
257,33,2
257,69,2
257,71,1
257,84,1
257,232,1
257,233,1
257,235,1
257,242,2
257,243,3
257,244,2
257,245,2
257,246,2
257,247,2
257,248,1
258,70,1
258,71,1
258,72,1
258,73,1
258,74,1
258,75,1
258,86,1
258,87,1
258,88,1
258,89,1
258,90,1
258,98,1
258,102,1
258,109,1
258,112,1
258,125,1
258,126,1
258,161,1
258,199,1
258,202,1
258,203,1
258,217,3
258,261,1
258,262,1
258,273,3
259,76,2
259,77,2
259,78,2
259,79,2
259,91,2
259,92,2
259,93,3
259,95,2
259,96,2
259,97,2
259,98,2
259,99,2
259,100,2
259,101,2
259,102,2
259,103,2
259,104,2
259,105,2
259,106,2
259,107,2
259,108,2
259,109,2
259,110,2
259,113,2
259,114,2
259,118,2
259,123,2
259,125,2
259,126,2
259,127,2
259,128,2
259,129,2
259,130,2
259,131,2
259,132,2
259,133,2
259,134,2
259,135,2
259,136,2
259,139,2
259,140,2
259,141,2
259,142,2
259,143,2
259,154,2
259,155,2
259,156,2
259,157,2
259,158,2
259,159,2
259,160,2
259,163,2
259,164,2
259,165,2
259,169,2
259,172,2
259,173,2
259,174,2
259,175,2
259,176,2
259,177,2
259,178,2
259,179,2
259,180,2
259,181,2
259,185,2
259,186,2
259,193,2
259,194,2
259,195,2
259,196,2
259,197,2
259,200,2
259,201,2
259,205,2
259,206,2
259,207,2
259,208,2
259,209,2
259,210,2
259,213,2
259,214,2
259,215,2
259,217,3
260,39,3
260,72,3
260,73,3
260,74,3
260,81,3
260,82,3
260,83,3
260,84,3
260,85,3
260,86,3
260,87,3
260,88,3
260,89,3
260,90,3
260,94,3
260,95,3
260,101,3
260,108,3
260,109,3
260,112,3
260,122,3
260,125,3
260,126,3
260,127,3
260,128,3
260,129,3
260,137,3
260,147,3
260,162,3
260,179,3
260,180,3
260,181,3
260,182,3
260,191,3
260,192,3
260,198,3
260,199,3
260,200,3
260,201,3
260,202,3
260,203,3
260,204,3
260,205,3
260,206,3
260,207,3
260,219,3
260,220,3
260,221,3
261,1,2
261,2,2
261,35,2
261,36,1
261,221,3
261,222,2
261,224,2
261,225,3
261,226,3
261,228,3
261,229,3
261,543,3
261,550,3
261,551,2
262,1,2
262,2,2
262,32,2
262,33,2
262,34,2
262,35,2
262,135,1
262,221,3
262,227,3
262,228,3
262,229,3
262,362,1
262,363,1
262,364,1
262,365,1
262,547,3
262,548,3
262,556,2
263,1,2
263,2,2
263,10,3
263,32,2
263,33,2
263,34,2
263,35,2
263,90,1
263,108,1
263,109,1
263,130,2
263,166,1
263,167,1
263,168,1
263,169,1
263,220,1
263,221,3
263,227,3
263,228,3
263,229,3
263,230,3
264,1,2
264,4,3
264,16,2
264,19,2
265,1,3
265,4,3
265,49,3
265,62,3
265,67,3
265,125,3
266,39,2
266,41,2
266,51,2
266,94,2
266,95,2
266,96,2
266,97,2
266,102,2
266,103,2
266,104,2
266,106,2
266,107,2
266,108,2
266,109,2
266,110,2
266,113,2
266,114,2
266,115,2
266,119,2
266,120,2
266,121,2
266,125,2
266,126,2
266,127,2
266,128,2
266,129,2
266,130,2
266,131,2
266,132,2
266,158,2
266,159,2
266,160,2
266,172,2
266,173,2
266,174,2
266,175,2
266,177,2
266,179,2
266,180,2
266,181,2
266,182,2
266,183,2
266,184,2
266,185,2
266,186,2
266,187,2
266,189,2
266,190,2
266,192,2
266,193,2
266,194,2
266,195,2
266,198,2
266,200,2
266,201,2
266,204,2
266,205,2
266,212,2
266,213,2
266,214,2
266,219,2
266,220,2
267,91,3
267,92,3
267,95,3
267,96,3
267,99,3
267,100,3
267,105,3
267,113,3
267,114,3
267,115,3
267,126,3
267,130,3
267,140,3
267,141,3
267,142,3
267,143,3
267,144,3
267,145,3
267,146,3
267,147,3
267,148,3
267,149,3
267,150,3
267,151,3
267,152,3
267,153,3
267,154,3
267,155,3
267,156,3
267,157,3
267,160,3
267,164,3
267,165,3
267,166,3
267,167,3
267,168,3
267,169,3
267,170,3
267,171,3
267,172,3
267,173,3
267,179,3
267,193,3
267,194,3
267,205,3
267,213,3
267,215,3
267,218,3
268,120,2
269,81,2
270,81,3
270,209,3
271,79,3
272,77,3
273,196,3
274,95,3
275,97,3
276,142,3
277,213,3
278,99,1
279,103,1
279,166,1
279,169,1
279,188,1
279,193,1
279,197,1
280,105,1
280,142,1
280,144,1
280,145,1
280,146,1
280,147,1
280,148,1
280,149,1
280,150,1
280,151,1
280,152,1
280,153,1
280,154,1
280,156,1
281,113,1
281,152,1
281,168,1
282,122,1
282,128,1
282,182,1
283,77,1
284,148,1
284,186,1
285,127,1
285,128,1
286,139,1
286,140,1
286,146,1
286,149,1
286,150,1
286,151,1
286,152,1
286,161,1
286,176,1
286,199,1
287,72,1
287,73,1
287,87,1
287,172,1
287,173,1
288,44,1
288,46,1
288,51,1
288,52,1
288,54,1
289,105,1
289,112,1
289,129,1
289,165,1
289,177,1
290,131,1
290,162,1
290,198,1
291,105,1
291,160,1
292,113,2
292,185,2
292,209,2
293,90,1
293,127,1
293,128,1
294,259,2
294,261,1
294,266,2
294,267,3
294,273,3
294,274,3
294,275,3
294,276,3
294,277,3
294,278,1
294,279,1
294,280,1
294,281,1
294,282,1
294,283,1
294,284,1
294,285,1
294,286,1
294,287,1
294,288,1
294,289,1
294,290,1
294,291,1
294,292,2
294,293,1
294,294,1
294,299,1
294,307,3
294,308,3
294,309,1
294,331,2
294,332,2
294,333,2
294,334,2
294,335,2
294,336,2
294,337,2
294,338,2
294,339,2
294,376,1
294,377,1
294,378,1
294,379,2
294,380,1
294,381,2
294,382,1
294,383,2
294,384,1
294,389,1
294,399,1
294,400,1
294,402,1
294,403,1
294,404,3
294,405,3
294,406,3
294,407,3
294,408,2
294,409,3
294,410,2
294,411,2
294,412,2
294,413,3
294,414,3
294,420,1
294,421,2
294,422,3
294,423,3
294,424,3
294,425,3
294,426,3
294,427,1
294,437,1
294,438,1
294,440,1
294,460,2
294,462,1
294,463,1
294,464,1
294,465,3
294,466,2
294,470,3
294,471,3
294,476,3
294,477,1
294,478,1
294,479,1
294,492,1
294,493,1
294,494,1
294,495,1
294,496,3
294,497,1
294,498,1
294,499,3
294,500,2
294,510,3
294,516,3
294,521,3
294,530,3
294,533,3
294,538,3
294,543,3
294,549,2
295,2,2
295,22,1
295,23,1
295,24,1
295,25,1
295,26,2
295,27,1
295,30,3
295,31,3
295,32,2
295,243,3
295,244,2
295,245,2
295,246,2
295,247,2
295,250,1
295,257,1
295,259,2
295,295,1
295,304,1
295,437,1
295,438,1
295,439,3
295,440,1
295,441,3
295,500,2
295,501,3
296,2,2
296,22,1
296,24,1
296,25,1
296,26,2
296,27,1
296,28,2
296,29,2
296,30,3
296,31,3
296,32,2
296,71,1
296,85,1
296,232,1
296,233,1
296,234,1
296,235,1
296,242,2
296,243,3
296,244,2
296,245,2
296,246,2
296,247,2
296,248,1
296,438,1
296,439,3
296,440,1
296,441,3
296,490,1
297,2,2
297,10,3
297,11,2
297,13,3
297,14,2
297,22,1
297,23,1
297,24,1
297,25,1
297,26,2
297,27,1
297,28,2
297,29,2
297,30,3
297,31,3
297,243,3
297,244,2
297,245,2
297,246,2
297,250,1
297,257,1
297,295,1
297,296,1
297,297,1
297,304,1
297,305,1
297,437,1
297,438,1
297,439,3
297,440,1
297,441,3
297,500,2
297,502,3
298,128,1
298,129,1
299,259,2
299,260,3
299,266,2
299,267,3
299,271,3
299,273,3
299,274,3
299,275,3
299,276,3
299,277,3
299,279,1
299,281,1
299,282,1
299,283,1
299,284,1
299,285,1
299,286,1
299,287,1
299,288,1
299,289,1
299,290,1
299,291,1
299,292,2
299,293,1
299,299,1
299,303,1
299,310,1
299,311,1
299,312,1
299,313,1
299,314,1
299,315,1
299,316,1
299,317,1
299,318,1
299,319,1
299,320,1
299,321,1
299,322,1
299,323,1
299,324,1
299,325,1
299,326,1
299,327,3
299,328,3
299,329,3
299,330,3
299,391,1
299,392,1
299,398,1
299,399,1
299,400,1
299,401,1
299,402,1
299,403,1
299,405,3
299,406,3
299,408,2
299,411,2
299,415,3
299,421,2
299,422,3
299,423,3
299,424,3
299,425,3
299,426,3
299,444,2
299,459,1
299,460,2
299,461,1
299,462,1
299,463,1
299,464,1
299,465,3
299,466,2
299,470,3
299,471,3
299,477,1
299,478,1
299,479,1
299,482,2
299,483,2
299,484,2
299,485,2
299,486,2
299,487,2
299,488,3
299,492,1
299,493,1
299,497,1
299,498,1
299,499,3
299,500,2
299,520,3
299,538,3
299,541,2
299,542,3
299,556,2
300,130,2
300,133,1
300,141,1
300,186,1
301,88,1
301,89,1
301,99,1
301,100,1
301,101,1
301,106,1
301,107,1
301,108,1
301,109,1
301,110,1
301,128,1
301,129,1
301,182,1
301,199,1
301,204,1
301,258,1
301,260,3
301,262,1
301,263,1
301,264,1
301,265,3
301,293,1
301,300,1
301,302,1
301,349,1
301,351,1
301,352,1
301,353,1
301,354,1
301,355,1
301,356,1
301,357,1
301,358,1
301,359,1
301,360,1
301,361,1
301,362,1
301,363,1
301,364,1
301,365,1
301,366,1
301,367,1
301,368,1
301,369,1
301,370,1
301,371,1
301,372,1
301,373,1
301,374,1
301,375,1
301,376,1
301,377,1
301,378,1
301,379,2
301,380,1
301,381,2
301,382,1
301,383,2
301,384,1
301,385,1
301,386,2
301,387,1
301,388,1
301,389,1
301,390,1
301,391,1
301,392,1
301,393,1
301,394,1
301,395,1
301,396,1
301,397,1
301,398,1
301,399,1
301,400,1
301,428,1
301,437,1
301,487,2
301,556,2
302,259,2
302,261,1
302,362,1
302,363,1
302,364,1
302,365,1
302,366,1
302,367,1
302,368,1
302,369,1
302,370,1
302,371,2
302,372,1
302,373,1
302,374,1
302,375,1
302,378,1
302,398,1
302,422,3
302,437,1
302,438,1
302,461,1
302,462,1
302,463,1
302,464,1
302,482,2
302,483,2
302,484,2
302,485,2
302,486,2
302,487,2
302,488,3
303,221,3
303,222,2
303,223,2
303,224,2
303,225,3
303,226,3
303,227,3
303,228,3
303,229,3
304,1,2
304,10,3
304,11,2
304,22,1
304,23,1
304,24,1
304,25,1
304,26,2
304,27,1
304,30,3
304,31,3
304,32,2
304,33,2
304,34,2
304,71,1
304,84,1
304,85,1
304,234,1
304,243,3
304,244,2
304,245,2
304,246,2
304,439,3
304,440,3
304,441,3
305,240,1
305,241,1
305,242,2
305,243,3
305,244,2
305,245,2
305,246,2
305,247,2
305,248,1
305,249,1
305,250,1
305,254,3
305,255,3
305,256,3
305,257,1
305,295,1
305,297,1
305,304,1
305,305,1
305,306,1
305,437,1
305,438,1
305,439,3
305,464,1
305,500,2
305,501,3
305,563,3
305,568,1
305,570,3
306,163,1
306,164,1
306,165,1
306,166,1
306,167,1
306,168,1
306,169,1
306,394,1
306,430,3
306,464,1
306,465,3
306,518,3
307,177,3
308,147,2
309,204,1
310,170,1
311,92,1
312,79,1
312,152,1
313,126,1
314,150,1
314,151,1
315,164,1
316,129,1
317,125,1
318,144,1
318,148,1
319,147,1
320,176,1
321,177,1
322,62,1
323,181,1
324,114,1
324,131,1
325,67,1
326,141,1
327,49,3
327,64,3
328,59,3
328,60,3
328,63,3
329,125,3
329,137,3
329,138,3
330,120,3
330,126,3
330,186,3
330,187,3
331,153,2
331,156,2
332,129,2
333,126,2
333,146,2
334,140,2
335,139,2
335,142,2
335,158,2
336,125,2
336,139,2
336,158,2
337,49,2
337,155,2
338,113,2
339,98,2
339,156,2
340,198,2
341,140,2
341,195,2
342,135,2
343,129,2
344,125,2
345,107,2
345,109,2
345,123,2
345,258,2
345,259,3
346,43,2
346,44,2
346,45,2
346,47,2
346,56,2
347,165,2
348,162,2
349,227,3
349,228,3
350,1,2
350,10,3
350,11,2
350,13,3
350,14,2
350,222,2
350,223,2
350,224,2
350,225,3
350,226,3
350,227,3
350,228,3
350,229,3
350,231,1
351,74,1
351,86,1
351,88,1
352,86,1
352,89,1
352,137,1
353,73,1
353,82,1
353,83,1
353,84,1
354,88,1
354,89,1
354,390,1
355,278,1
355,338,2
355,343,2
356,279,1
356,454,3
357,262,1
357,332,2
357,346,2
357,399,1
357,480,3
358,342,2
359,87,2
359,264,2
360,281,1
361,300,1
361,429,1
362,81,1
362,106,1
362,129,1
362,193,1
363,124,1
363,179,1
363,200,1
363,273,3
364,124,1
364,179,1
364,200,1
365,99,1
365,193,1
366,72,1
366,83,1
366,88,1
366,183,1
367,120,1
367,155,1
368,167,1
368,168,1
368,204,1
369,125,1
369,126,3
369,140,1
370,263,1
370,265,3
370,300,1
370,306,1
370,345,2
371,171,1
371,201,1
371,229,3
371,298,1
372,285,1
373,129,1
373,141,1
373,161,1
373,528,3
374,92,1
374,108,1
374,169,1
375,75,1
376,108,1
376,109,1
376,110,1
376,224,1
377,158,1
377,159,1
377,160,1
377,227,3
378,192,1
378,200,1
378,206,1
378,222,2
379,71,2
379,72,2
379,74,2
379,87,2
379,643,3
379,644,3
379,649,3
379,678,3
380,73,1
380,84,1
381,83,2
381,86,2
381,629,3
381,678,3
382,72,1
382,90,1
383,73,2
383,200,2
383,629,3
383,644,3
384,72,1
384,86,1
385,77,1
385,87,1
386,125,1
386,126,1
386,140,1
386,141,1
387,111,1
387,115,1
387,131,1
387,140,1
388,142,1
388,157,1
388,194,1
388,201,1
389,268,2
389,288,1
389,389,1
389,437,1
389,503,3
390,202,1
390,207,1
390,213,1
390,344,2
391,222,2
391,223,2
391,224,2
391,225,3
391,226,3
391,227,3
391,228,3
391,279,1
391,283,1
391,434,2
392,1,2
392,10,3
392,11,2
392,13,3
392,14,2
392,48,1
392,49,1
392,50,1
392,51,1
392,52,1
392,53,1
392,54,1
392,72,1
392,73,1
392,74,1
392,81,2
392,82,1
392,86,1
392,87,1
392,88,1
392,89,1
392,101,1
392,109,1
392,110,1
392,111,1
392,127,1
392,129,1
392,137,1
392,190,1
392,199,1
392,202,1
392,203,1
392,204,1
392,219,1
393,1,2
393,75,1
393,76,1
393,77,1
393,78,1
393,79,1
393,80,1
393,81,2
393,82,1
393,86,1
393,87,1
393,109,1
393,148,1
393,179,1
393,202,1
394,69,2
394,91,1
394,92,1
394,93,3
394,94,2
394,95,1
394,96,1
394,97,1
394,122,1
394,129,1
394,179,1
394,199,1
395,1,2
395,4,3
395,7,2
395,8,2
395,17,2
395,19,2
395,21,2
395,77,1
395,227,3
395,228,3
395,230,3
396,1,2
396,2,2
396,3,3
396,4,3
396,17,2
396,92,1
396,134,1
396,222,2
396,223,2
396,224,2
396,225,3
396,226,3
396,227,3
396,228,3
396,229,3
396,230,3
397,1,2
397,2,2
397,3,3
397,4,3
397,7,2
397,17,2
397,19,2
397,21,2
397,69,2
397,91,1
397,92,1
397,93,3
397,222,2
397,223,2
397,224,2
397,225,3
397,226,3
397,227,3
397,228,3
397,229,3
397,230,3
398,1,2
398,3,3
398,4,3
398,7,2
398,8,2
398,17,2
398,19,2
398,21,2
398,78,1
398,80,1
398,222,2
398,223,2
398,224,2
398,225,3
398,226,3
398,227,3
398,228,3
398,229,3
398,230,3
399,1,2
399,22,1
399,23,1
399,24,1
399,25,1
399,26,2
399,27,1
399,28,2
399,29,2
399,30,3
399,31,3
399,32,2
399,33,2
399,73,1
400,1,2
400,38,1
400,221,3
400,222,2
400,223,2
400,224,2
400,225,3
400,226,3
400,227,3
400,228,3
400,229,3
400,231,1
401,1,2
401,2,2
402,303,1
402,312,1
402,313,1
402,314,1
402,315,1
402,316,1
402,317,1
402,318,1
402,319,1
402,320,1
402,321,1
402,322,1
402,323,1
402,324,1
402,325,1
402,326,1
402,327,3
402,328,3
402,329,3
402,334,2
402,335,2
402,336,2
402,337,2
402,338,2
402,339,2
402,340,2
402,341,2
402,342,2
402,420,3
402,421,2
402,428,3
402,430,3
402,507,3
403,1,2
403,62,1
403,69,2
403,75,1
403,91,1
403,92,1
403,96,1
403,97,1
403,98,1
403,105,1
403,112,1
403,122,1
403,140,1
403,141,1
403,142,1
403,143,1
403,179,1
403,181,1
403,191,1
403,192,1
403,210,1
403,226,3
403,227,3
404,76,3
404,77,3
404,130,3
405,104,3
405,155,3
406,95,3
406,126,3
406,219,3
407,196,3
407,220,3
408,208,2
409,135,3
409,147,3
409,211,3
410,210,2
411,172,2
411,218,2
412,213,2
413,216,3
414,125,3
414,133,3
414,148,3
414,152,3
414,189,3
414,196,3
415,163,3
416,39,2
417,91,3
417,92,3
417,93,3
417,94,3
417,95,3
417,96,3
417,97,3
417,98,3
417,99,3
417,100,3
417,130,3
417,131,3
417,132,3
417,133,3
417,134,3
417,135,3
417,136,3
417,137,3
417,138,3
417,139,3
417,140,3
417,141,3
417,142,3
417,143,3
417,144,3
417,145,3
417,146,3
417,147,3
417,148,3
417,149,3
417,150,3
417,151,3
417,152,3
417,153,3
417,154,3
417,179,3
417,180,3
417,204,3
418,97,2
418,109,2
418,110,2
418,112,2
418,160,2
418,161,2
418,162,2
418,163,2
418,164,2
418,165,2
418,166,2
418,167,2
418,168,2
418,169,2
418,185,2
418,196,2
418,204,2
419,126,3
419,211,3
420,56,1
420,69,2
420,77,1
420,80,1
420,125,1
420,126,1
421,90,2
421,149,2
422,130,3
422,205,3
423,215,3
424,147,3
425,79,3
426,78,3
427,128,1
428,66,1
428,67,1
428,156,1
429,136,1
430,178,3
431,208,3
432,175,2
433,145,2
433,274,3
434,79,2
434,136,2
434,144,2
434,215,2
435,486,3
436,2,2
436,69,2
436,74,1
436,91,1
436,92,1
436,93,3
436,127,1
436,172,1
436,179,1
436,183,1
436,188,1
437,1,2
437,2,2
437,4,3
437,10,3
437,11,2
437,26,2
437,28,2
437,29,2
437,31,3
437,34,2
437,35,2
437,36,1
437,68,1
437,83,1
437,84,1
437,85,1
437,90,1
437,125,1
437,126,1
437,169,1
437,186,1
437,196,1
437,197,1
437,199,1
437,204,1
438,1,2
438,2,2
438,3,3
438,4,3
438,10,3
438,11,2
438,13,3
438,14,2
438,17,2
438,29,2
438,30,3
438,31,3
438,32,2
438,94,2
438,244,2
438,247,2
439,1,3
439,22,3
439,23,3
439,24,3
439,25,3
439,26,3
439,27,3
439,28,3
439,156,3
439,243,3
439,244,3
439,246,3
439,566,2
439,567,3
439,568,3
439,569,3
440,1,2
440,22,1
440,23,1
440,24,1
440,25,1
440,26,2
440,27,1
440,28,2
440,29,2
440,30,3
440,31,3
440,32,2
440,243,3
440,244,2
440,685,2
440,686,3
440,687,3
440,688,2
440,689,3
440,690,3
440,691,3
440,692,2
441,1,3
441,30,3
441,31,3
441,242,3
441,243,3
441,244,3
441,245,3
441,246,3
441,247,3
441,693,3
441,694,3
441,695,3
441,696,3
441,697,3
441,698,3
441,699,3
442,13,3
442,14,3
443,97,3
443,212,3
444,172,2
445,217,3
446,207,2
447,158,2
448,213,2
449,162,2
449,167,2
450,180,2
451,177,3
452,41,3
452,97,3
452,126,3
452,146,3
452,205,3
452,213,3
453,171,3
453,174,3
453,197,3
454,95,3
454,205,3
455,80,2
456,177,3
457,170,3
458,162,3
459,557,1
460,1,3
460,685,3
460,686,3
460,687,3
460,688,3
460,689,3
460,690,3
460,691,3
460,692,3
461,1,2
461,94,2
461,95,1
461,96,1
461,101,1
461,106,1
461,107,1
461,108,1
461,109,1
461,111,1
461,116,1
461,117,1
461,122,1
461,127,1
461,128,1
461,129,1
461,166,1
461,167,1
461,168,1
461,182,1
461,186,1
461,187,1
461,188,1
461,189,1
461,190,1
461,196,1
461,197,1
461,199,1
461,208,1
461,216,1
462,72,1
462,73,1
462,98,1
462,128,1
462,129,1
462,161,1
462,186,1
462,187,1
462,250,1
462,257,1
462,304,1
462,440,1
462,461,1
462,496,3
462,501,3
463,254,1
463,255,3
463,256,3
463,258,1
463,259,2
463,278,1
463,279,1
463,312,1
463,318,1
463,340,2
463,344,2
463,350,1
463,351,1
463,352,1
463,353,1
463,354,1
463,355,1
463,356,1
463,357,1
463,358,1
463,359,1
463,360,1
463,361,1
463,362,1
463,363,1
463,364,1
463,365,1
463,366,1
463,367,1
463,368,1
463,370,1
463,371,1
463,372,1
463,373,1
463,374,1
463,375,1
463,376,1
463,377,1
463,378,1
463,379,2
463,380,1
463,381,2
463,382,1
463,383,2
463,384,1
463,385,1
463,386,1
463,387,1
463,388,1
463,390,1
463,394,1
463,395,1
463,396,1
463,397,1
463,398,1
463,399,1
463,435,3
463,436,1
463,437,1
463,446,2
463,449,2
463,453,3
463,457,3
463,459,1
463,460,2
463,461,1
463,462,1
463,463,1
463,464,1
463,465,3
463,466,2
463,467,3
463,478,1
463,479,1
463,481,3
463,484,2
463,489,1
463,490,1
463,491,1
463,492,1
463,493,1
463,494,1
463,495,1
463,496,3
463,497,1
463,498,1
463,499,3
463,500,2
463,504,3
463,506,2
463,520,3
463,521,3
463,524,3
463,526,3
463,529,2
463,530,3
463,535,3
463,536,3
463,544,3
463,545,3
464,72,1
464,73,1
464,87,1
464,98,1
464,105,1
464,112,1
464,115,1
464,118,1
464,127,1
464,128,1
464,185,1
464,186,1
464,187,1
464,191,1
464,192,1
464,193,1
464,194,1
464,195,1
464,199,1
464,204,1
464,226,3
464,227,3
464,228,3
464,229,3
465,94,3
465,95,3
465,96,3
465,97,3
465,98,3
465,102,3
465,106,3
465,107,3
465,108,3
465,109,3
465,110,3
465,111,3
465,116,3
465,118,3
465,172,3
465,173,3
465,174,3
465,175,3
466,68,2
466,93,3
466,96,2
466,97,2
466,98,2
466,106,2
466,107,2
466,108,2
466,109,2
466,110,2
466,127,2
466,128,2
466,129,2
466,130,2
466,166,2
466,167,2
466,168,2
466,193,2
466,194,2
466,200,2
466,201,2
466,204,2
466,207,2
466,209,2
467,68,3
467,70,3
467,72,3
467,73,3
467,81,3
467,93,3
467,98,3
467,101,3
467,113,3
467,118,3
468,68,3
468,76,3
468,77,3
468,78,3
468,79,3
468,80,3
468,81,3
468,93,3
468,94,3
468,98,3
468,101,3
468,111,3
468,113,3
468,118,3
468,120,3
468,121,3
468,172,3
468,173,3
468,174,3
468,175,3
468,186,3
468,187,3
468,205,3
469,94,3
469,95,3
469,116,3
469,149,3
469,165,3
469,167,3
469,169,3
470,43,3
470,44,3
470,45,3
470,46,3
470,47,3
470,48,3
470,49,3
470,50,3
470,123,3
470,126,3
470,144,3
470,158,3
470,161,3
470,177,3
470,180,3
470,188,3
470,189,3
470,190,3
471,51,3
471,52,3
471,53,3
471,54,3
471,123,3
471,129,3
471,163,3
471,164,3
471,165,3
471,166,3
471,167,3
471,177,3
471,189,3
471,190,3
472,130,3
472,552,3
473,130,3
473,448,3
474,137,3
474,159,3
474,160,3
474,161,3
474,174,3
474,175,3
474,176,3
474,553,3
475,445,3
476,66,1
476,126,1
476,127,1
476,159,1
476,160,1
476,161,1
476,172,1
476,464,1
477,445,3
478,113,1
478,124,1
478,125,1
478,126,1
478,127,1
478,202,1
478,203,1
478,538,3
479,94,2
479,101,1
479,113,1
479,116,1
479,124,1
479,125,1
479,342,2
480,94,3
480,113,3
480,125,3
480,155,3
480,202,3
480,203,3
481,94,3
481,113,3
481,155,3
481,200,3
481,201,3
481,202,3
481,203,3
482,273,3
482,274,3
482,275,3
482,276,3
482,277,3
482,278,2
482,279,2
483,259,3
483,268,3
483,269,3
483,270,3
483,271,3
483,272,3
483,273,3
483,277,3
483,298,2
483,421,3
483,538,3
483,555,3
484,257,2
484,258,2
484,259,3
484,260,3
484,261,2
484,262,2
484,263,2
484,264,2
484,265,3
484,278,2
484,279,2
484,280,2
484,281,2
484,282,2
484,284,2
484,285,2
484,286,2
484,287,2
484,288,2
484,289,2
484,290,2
484,291,2
484,292,3
484,293,2
484,294,2
484,300,2
484,301,2
484,302,2
484,303,2
484,307,3
484,308,3
484,326,2
484,327,3
484,328,3
484,329,3
484,330,3
484,349,2
484,350,2
484,356,2
484,357,2
484,358,2
484,359,2
484,360,2
484,361,2
484,362,2
484,363,2
484,369,2
484,370,2
484,371,2
484,372,2
484,373,2
484,374,2
484,375,2
484,390,2
484,391,2
484,392,2
484,393,2
484,394,2
484,395,2
484,396,2
484,397,2
484,398,2
484,399,2
484,400,2
484,401,2
484,402,2
484,403,2
484,404,3
484,406,3
484,409,3
484,410,2
484,415,3
484,420,2
484,431,3
484,432,3
484,482,2
484,483,2
484,485,2
484,486,2
484,487,2
484,492,2
484,493,2
484,494,2
484,495,2
484,496,3
484,497,2
484,498,2
484,499,2
484,556,2
484,557,2
484,566,3
484,567,2
484,569,2
484,604,2
484,608,2
484,610,2
484,612,3
484,614,2
485,91,2
485,92,2
485,93,3
485,98,2
485,122,2
485,123,2
485,124,2
485,181,2
485,189,2
485,190,2
485,193,2
485,194,2
485,199,2
485,204,2
485,257,2
485,258,2
485,259,2
485,260,3
485,261,2
485,262,2
485,263,2
485,264,2
485,265,3
485,269,3
485,278,2
485,279,2
485,280,2
485,281,2
485,282,2
485,283,2
485,284,2
485,285,2
485,286,2
485,287,2
485,288,2
485,289,2
485,290,2
485,291,2
485,292,3
485,293,2
485,294,2
485,295,2
485,299,2
485,300,2
485,301,2
485,302,2
485,303,2
485,306,2
485,307,3
485,326,2
485,330,3
485,350,2
485,351,2
485,352,2
485,353,2
485,354,2
485,355,2
485,362,2
485,363,2
485,364,2
485,365,2
485,366,2
485,367,2
485,368,2
485,376,2
485,377,2
485,378,2
485,379,3
485,380,2
485,381,3
485,382,2
485,383,2
485,384,2
485,385,2
485,386,2
485,387,2
485,388,2
485,389,2
485,390,2
485,391,2
485,392,2
485,393,2
485,399,2
485,400,2
485,401,2
485,402,2
485,403,2
485,406,3
485,407,3
485,412,3
485,413,3
485,415,3
485,420,2
485,421,3
485,422,3
485,423,3
485,424,3
485,425,3
485,426,3
485,427,2
485,428,2
485,429,2
485,430,3
485,431,3
485,432,3
485,433,3
485,434,3
485,435,3
485,436,2
485,437,2
485,444,3
485,445,3
485,451,3
485,452,3
485,456,3
485,457,3
485,458,3
485,467,3
485,478,2
485,479,2
485,481,3
485,482,2
485,483,2
485,486,2
485,487,2
485,488,2
485,490,2
485,491,2
485,492,2
485,493,2
485,494,2
485,495,2
485,496,3
485,497,2
485,498,2
485,499,3
485,500,3
485,504,3
485,505,3
485,512,3
485,513,3
485,520,3
485,521,3
485,523,3
485,524,3
485,535,3
485,536,3
485,541,3
485,542,3
485,547,3
485,548,3
485,556,2
485,557,2
486,1,3
486,2,3
486,39,2
486,42,2
486,47,2
486,90,2
486,93,3
486,100,2
486,109,2
486,111,2
486,113,2
486,116,2
486,118,2
486,119,2
486,120,2
486,122,2
486,123,2
486,124,2
486,125,2
486,129,2
486,155,2
486,158,2
486,159,2
486,160,2
486,162,2
486,166,2
486,167,2
486,168,2
486,171,2
486,172,2
486,177,2
486,178,2
486,185,2
486,195,2
486,201,2
486,268,3
486,269,3
486,270,3
486,271,3
486,272,3
486,273,3
486,274,3
486,275,3
486,276,3
486,277,3
486,279,2
486,281,2
486,282,2
486,380,2
486,495,2
486,496,3
486,497,2
486,498,2
486,499,3
486,549,3
486,550,3
486,552,3
486,554,3
487,1,3
487,2,3
487,4,2
487,10,3
487,11,3
487,88,2
487,89,2
487,96,2
487,99,2
487,100,2
487,111,2
487,113,2
487,118,2
487,125,2
487,126,2
487,129,2
487,135,2
487,161,2
487,171,2
487,172,2
487,173,2
487,174,2
487,175,2
487,177,2
487,202,2
487,203,2
487,204,2
487,222,3
487,223,3
487,224,3
487,225,3
487,226,3
487,227,3
487,228,3
487,229,3
487,256,3
487,259,3
487,264,2
487,265,3
487,266,3
487,275,3
487,280,2
487,281,2
487,393,2
487,482,2
487,483,2
487,485,2
487,486,2
487,487,2
487,488,3
487,508,3
487,516,3
487,520,3
487,521,3
487,524,3
487,526,3
487,530,3
487,537,3
487,538,3
487,549,3
487,555,3
488,4,3
488,93,3
488,97,3
488,98,3
488,122,3
488,124,3
488,126,3
488,127,3
488,130,3
488,137,3
488,172,3
488,195,3
488,202,3
488,209,3
488,219,3
488,524,3
489,101,1
489,118,1
489,128,1
489,129,1
489,186,1
489,187,1
489,199,1
489,202,1
489,203,1
489,204,1
489,443,3
489,557,1
490,68,1
490,80,1
490,96,1
490,97,1
490,101,1
490,104,1
490,112,1
490,124,1
490,161,1
490,162,1
490,186,1
490,187,1
490,199,1
490,395,1
491,70,1
491,394,1
492,125,1
492,126,1
492,127,1
492,128,1
492,129,1
492,202,1
492,203,1
492,204,1
492,273,3
492,274,3
492,275,3
492,276,3
492,277,3
492,278,1
492,279,1
492,280,1
492,281,1
492,282,1
492,283,1
492,284,1
492,547,3
493,67,1
493,106,1
493,107,1
493,108,1
493,109,1
493,110,1
493,124,1
493,129,1
493,186,1
493,187,1
493,273,3
493,274,3
493,275,3
493,276,3
493,277,3
493,404,3
493,405,3
493,406,3
493,407,3
493,408,2
493,409,3
493,410,2
493,411,2
493,412,2
493,413,3
493,414,3
493,415,3
493,416,2
493,417,3
493,420,1
493,421,2
493,422,3
493,423,3
493,424,3
493,425,3
493,426,3
493,427,1
493,428,1
493,429,1
493,430,3
493,431,3
493,432,3
493,453,3
493,470,3
493,471,3
493,516,3
493,517,2
493,518,3
493,519,3
493,520,3
493,521,3
493,522,3
493,524,3
493,525,3
493,526,3
493,527,2
493,529,2
494,259,2
494,262,1
494,278,1
494,279,1
494,281,1
494,287,1
494,292,2
494,346,2
494,420,1
494,421,2
494,422,3
494,425,3
494,426,3
494,460,2
494,464,1
494,466,2
494,469,3
494,483,2
494,485,2
494,492,1
494,520,3
494,521,3
494,534,3
494,538,3
494,556,2
495,77,1
495,101,1
495,109,1
495,111,1
495,112,1
495,118,1
495,124,1
495,125,1
495,127,1
495,162,1
495,167,1
495,181,1
495,186,1
495,187,1
496,101,3
496,109,3
496,110,3
496,123,3
496,125,3
496,126,3
496,128,3
496,129,3
496,131,3
496,144,3
496,155,3
496,161,3
496,171,3
496,177,3
496,181,3
496,199,3
497,58,1
497,67,1
497,101,1
497,105,1
497,117,1
497,124,1
497,126,1
497,127,1
497,128,1
497,160,1
497,165,1
497,166,1
497,199,1
497,200,1
497,202,1
497,204,1
498,74,1
498,102,1
498,118,1
498,119,1
498,125,1
498,126,1
498,129,1
498,179,1
498,186,1
498,203,1
498,204,1
499,93,3
499,106,3
499,107,3
499,109,3
499,112,3
499,125,3
499,126,3
499,129,3
499,159,3
499,161,3
499,180,3
500,1,3
500,22,3
500,23,3
500,24,3
500,25,3
500,26,3
500,30,3
500,31,3
500,231,3
500,234,3
500,242,3
500,243,3
500,244,3
500,245,3
500,246,3
500,247,3
500,248,3
500,304,3
500,440,3
501,1,3
501,10,3
501,13,3
501,24,3
501,25,3
501,28,3
501,29,3
501,30,3
501,31,3
501,32,3
501,33,3
501,34,3
501,106,3
501,107,3
501,212,3
501,215,3
501,217,3
502,1,3
502,34,3
502,35,3
502,36,3
502,38,3
502,50,3
502,86,3
502,87,3
502,101,3
502,105,3
502,128,3
502,155,3
502,204,3
502,228,3
503,176,3
503,184,3
503,186,3
503,202,3
503,214,3
504,162,3
504,177,3
504,187,3
504,203,3
504,216,3
505,68,3
505,99,3
505,160,3
505,172,3
505,183,3
505,200,3
506,159,2
506,195,2
506,218,2
507,94,3
507,97,3
507,101,3
507,104,3
507,120,3
507,149,3
508,113,2
508,119,2
508,187,2
508,195,2
509,121,2
509,160,2
509,178,2
509,201,2
509,214,2
510,97,3
510,130,3
510,150,3
510,172,3
510,181,3
510,195,3
511,97,3
511,162,3
511,163,3
511,178,3
511,183,3
512,94,2
512,119,2
512,183,2
512,202,2
512,209,2
512,218,2
513,100,3
513,105,3
513,160,3
513,177,3
513,202,3
514,133,3
515,76,3
515,97,3
515,154,3
515,195,3
515,200,3
516,77,3
516,81,3
516,83,3
517,140,2
518,95,3
518,96,3
518,97,3
518,106,3
518,107,3
518,108,3
518,109,3
518,110,3
518,125,3
518,126,3
518,127,3
518,128,3
518,147,3
519,146,3
519,155,3
519,158,3
519,159,3
519,160,3
519,200,3
519,202,3
520,123,3
520,125,3
520,126,3
520,129,3
520,162,3
520,195,3
520,202,3
520,203,3
520,204,3
521,81,3
521,112,3
521,128,3
521,129,3
521,196,3
521,197,3
521,199,3
522,185,3
522,186,3
522,187,3
522,215,3
523,120,3
523,121,3
523,122,3
523,148,3
524,152,3
524,189,3
524,205,3
525,97,3
525,133,3
525,151,3
525,196,3
525,218,3
526,99,3
526,100,3
526,108,3
526,109,3
526,219,3
527,40,2
527,150,2
527,220,2
528,134,3
528,146,3
528,208,3
529,161,2
529,195,2
529,199,2
529,204,2
529,215,2
530,90,3
530,158,3
530,161,3
530,195,3
530,206,3
531,159,3
531,199,3
531,204,3
531,219,3
532,160,3
532,199,3
532,200,3
532,204,3
533,161,3
533,186,3
533,195,3
533,210,3
534,90,3
534,131,3
534,154,3
534,187,3
535,112,3
535,132,3
535,154,3
535,200,3
536,74,3
536,96,3
536,201,3
536,203,3
537,90,3
537,132,3
537,186,3
537,203,3
538,112,3
538,126,3
538,158,3
538,202,3
539,198,2
539,211,2
540,202,2
540,210,2
541,113,2
541,125,2
541,133,2
541,149,2
541,174,2
541,189,2
541,196,2
541,214,2
542,97,3
542,151,3
542,172,3
542,189,3
542,196,3
542,270,3
542,449,3
543,130,3
543,144,3
543,146,3
543,148,3
543,448,3
544,97,3
544,113,3
544,125,3
544,128,3
544,153,3
544,189,3
544,196,3
544,205,3
545,97,3
545,411,2
545,412,2
545,414,2
545,415,2
545,416,2
545,505,3
546,50,3
546,97,3
546,155,3
546,189,3
546,196,3
546,215,3
547,134,2
548,97,3
548,541,2
548,542,2
549,220,2
550,81,3
551,143,2
552,128,2
553,153,3
554,123,3
555,218,3
556,1,3
556,2,3
556,10,3
556,11,3
556,224,3
556,228,3
557,262,1
557,272,3
557,287,1
557,301,1
557,334,2
557,384,1
557,437,1
557,494,1
557,509,2
557,557,1
558,250,3
558,253,3
558,295,3
558,297,3
558,304,3
558,558,3
558,561,3
558,563,3
558,565,3
559,558,3
559,559,2
559,561,3
559,565,2
559,566,3
559,569,2
560,236,2
560,237,3
560,238,2
560,242,3
560,560,2
560,561,3
560,563,3
560,564,2
560,565,3
560,569,2
560,570,2
561,69,3
561,83,3
561,84,3
561,86,3
561,87,3
561,220,3
561,242,3
561,250,3
561,253,3
561,295,3
561,297,3
561,304,3
561,305,3
561,439,3
561,440,3
562,561,3
562,563,3
562,564,1
562,565,2
562,567,1
563,250,3
563,251,3
563,252,3
563,253,3
563,254,3
563,255,3
563,256,3
563,257,3
563,295,3
563,296,3
563,297,3
563,399,3
563,437,3
563,438,3
563,439,3
563,440,3
563,441,3
563,464,3
563,500,3
563,501,3
564,250,1
564,251,3
564,252,3
564,253,1
564,254,3
564,255,3
564,256,3
564,257,1
564,295,1
564,297,1
564,305,1
564,399,1
564,437,1
564,438,1
564,439,3
564,440,1
564,441,3
564,464,1
564,500,2
564,501,3
565,561,3
565,563,3
565,565,2
565,570,2
566,240,2
566,241,2
566,250,2
566,253,2
566,254,3
566,255,3
566,257,2
566,304,2
566,305,2
566,438,2
566,440,2
566,441,2
566,500,3
566,501,3
566,581,3
567,258,1
567,261,1
567,294,1
567,295,1
567,301,1
567,302,1
567,390,1
567,500,2
567,556,2
567,557,1
568,242,2
568,243,3
568,244,2
568,245,2
568,246,2
568,247,2
568,248,1
568,255,3
568,257,1
568,261,1
568,262,1
568,265,3
568,295,1
568,297,1
568,304,1
568,305,1
568,353,1
568,368,1
568,437,1
568,438,1
568,439,1
568,441,1
568,539,2
568,546,3
569,295,1
569,297,1
569,305,1
569,561,3
569,567,1
570,250,1
570,257,1
570,304,1
570,437,1
570,438,1
570,439,3
570,440,1
571,123,2
571,169,2
571,177,2
571,180,2
571,185,2
571,207,2
571,220,2
572,109,3
572,121,3
572,130,3
572,199,3
572,266,3
572,267,3
572,353,3
573,258,3
573,259,3
573,291,3
573,299,3
573,306,3
573,363,3
573,395,3
573,431,3
573,433,3
574,265,3
574,286,2
574,382,2
574,393,2
574,447,3
574,512,3
575,99,2
575,159,2
575,178,2
575,196,2
575,210,2
576,236,1
576,237,2
576,238,2
576,240,1
576,241,1
576,242,2
576,248,1
576,249,1
576,295,1
576,297,1
576,376,1
577,236,1
577,237,2
577,238,1
577,249,1
577,252,1
577,253,1
577,254,3
577,296,1
577,302,1
577,306,1
577,307,3
577,420,1
577,440,1
578,258,2
578,259,3
578,263,2
578,266,3
578,302,2
578,373,2
578,393,2
578,394,2
578,556,2
578,570,2
578,575,3
578,581,3
579,258,2
579,259,3
579,266,3
579,279,2
579,280,2
579,309,2
579,391,2
579,393,2
579,395,2
579,556,2
579,570,2
579,575,3
579,578,2
579,581,3
580,258,2
580,259,3
580,265,3
580,266,3
580,393,2
580,395,2
580,556,2
580,570,2
580,575,3
580,581,3
581,37,2
581,38,2
581,42,2
581,46,2
581,54,2
581,259,3
581,266,3
581,285,2
581,293,2
581,301,2
581,302,2
581,303,2
581,393,2
581,395,2
581,396,2
581,404,3
581,407,3
581,420,2
581,427,2
582,584,3
582,585,3
582,655,3
582,656,3
582,658,3
582,660,3
582,667,3
582,689,3
582,697,3
583,656,2
583,657,2
583,660,3
583,661,2
583,695,2
583,700,2
584,566,3
584,570,2
584,580,2
584,679,3
584,696,3
584,697,3
584,698,2
584,699,2
585,655,2
585,668,3
585,682,3
585,693,2
585,694,2
585,696,3
585,699,2
585,700,2
586,566,3
586,568,2
586,570,2
586,575,3
586,576,2
586,581,3
586,614,2
586,658,2
587,567,2
587,568,2
587,571,3
587,572,3
587,574,2
587,580,3
588,561,3
588,565,2
589,560,2
589,561,2
589,562,1
589,563,3
589,565,2
589,589,1
589,641,3
590,558,3
590,561,3
590,563,3
590,564,1
590,566,2
590,567,1
590,590,1
590,610,2
590,641,3
591,1,2
591,33,2
591,34,2
591,69,2
591,81,2
591,84,1
591,85,1
591,86,1
591,87,1
591,231,1
591,232,1
591,240,1
591,241,1
591,249,1
591,251,3
591,252,3
591,253,1
591,254,3
591,255,3
591,256,3
591,257,1
591,295,1
591,296,1
591,297,1
591,305,1
591,561,3
591,562,1
591,564,1
591,566,2
591,567,1
592,1,2
592,2,2
592,32,2
592,69,2
592,71,1
592,240,1
592,241,1
592,249,1
592,250,1
592,253,1
592,296,1
592,304,1
592,305,1
592,563,3
592,570,1
592,601,2
592,641,3
593,2,2
593,558,3
593,560,2
593,561,3
593,570,1
593,589,1
593,590,1
593,591,1
593,593,1
593,601,2
593,610,2
593,641,3
594,2,3
594,558,3
594,560,3
594,564,3
594,565,3
594,570,3
594,589,3
594,594,3
595,2,3
595,558,3
595,560,3
595,561,3
595,562,3
595,563,3
595,564,3
595,570,3
595,595,3
596,2,3
596,249,2
596,561,3
596,563,3
596,566,3
596,567,2
596,568,2
596,596,2
597,2,3
597,589,3
597,590,3
597,597,3
597,598,3
597,655,3
597,661,3
597,667,3
597,680,3
597,686,3
597,687,3
597,688,3
597,691,3
597,693,3
598,2,3
598,566,3
598,567,3
598,568,3
598,571,3
598,572,3
598,573,3
598,574,3
598,598,3
598,604,3
598,611,3
598,612,3
599,2,3
599,558,3
599,559,3
599,560,3
599,561,3
599,562,3
599,563,3
599,564,3
599,565,3
599,599,3
599,606,3
599,661,3
599,679,3
599,687,3
600,1,3
600,2,3
600,589,3
600,600,3
600,602,3
600,603,3
600,608,3
600,609,3
600,610,3
600,611,3
600,612,3
600,660,3
600,664,3
600,700,3
601,558,3
601,559,2
601,560,2
601,563,3
601,565,2
602,70,1
602,72,1
602,73,1
602,84,1
602,87,1
602,106,1
602,107,1
602,108,1
602,125,1
602,126,1
602,136,1
602,155,1
602,157,1
602,191,1
603,57,2
603,87,2
603,90,2
603,221,3
604,485,2
604,644,2
604,656,2
604,658,2
604,665,1
604,668,3
604,681,3
604,687,3
604,688,1
604,689,3
604,690,3
604,698,1
604,699,1
604,700,1
605,242,3
605,243,3
605,244,3
605,247,3
605,248,2
605,532,3
606,561,3
606,563,3
606,565,2
606,569,2
606,570,2
607,295,1
607,297,1
607,304,1
607,558,3
607,559,2
607,560,2
607,562,1
607,563,3
607,564,1
607,565,2
607,568,1
608,2,3
608,538,3
608,586,2
608,655,2
608,656,2
608,657,2
608,664,3
608,666,2
608,669,2
608,681,3
608,682,3
608,689,3
608,700,1
609,242,2
609,257,1
609,295,1
609,304,1
610,54,2
610,69,3
610,83,2
610,87,2
610,258,2
610,262,2
610,280,2
610,342,3
610,566,3
610,567,2
610,573,2
610,674,3
610,675,3
610,676,2
611,41,3
611,69,3
611,84,3
611,236,3
611,238,3
611,297,3
612,71,3
612,83,3
612,87,3
612,99,3
612,207,3
612,220,3
612,249,3
612,266,3
612,279,3
612,301,3
612,319,3
612,359,3
612,391,3
612,567,3
612,574,3
613,232,2
613,241,2
613,242,2
613,254,3
613,258,2
613,259,3
613,261,2
613,263,2
613,273,3
613,278,2
613,279,2
613,280,2
613,281,2
613,283,2
613,284,2
613,286,2
613,289,2
613,290,2
613,291,2
613,292,3
613,293,2
613,294,2
613,299,2
613,300,2
613,301,2
613,302,2
613,303,2
613,304,2
613,305,2
613,306,2
613,307,3
613,308,3
613,309,2
613,310,2
613,331,3
613,332,3
613,333,3
613,334,3
613,335,3
613,336,3
613,337,3
613,338,3
613,339,3
613,356,2
613,357,2
613,358,2
613,359,2
613,360,2
613,370,2
613,371,2
613,372,2
613,373,2
613,374,2
613,375,2
613,385,2
613,386,2
613,387,2
613,388,2
613,389,2
613,393,2
613,394,2
613,395,2
613,396,2
613,397,2
613,398,2
613,399,2
613,400,2
613,401,2
613,402,2
613,403,2
613,404,3
613,405,3
613,408,2
613,409,3
613,410,2
613,417,3
613,418,3
613,419,3
613,420,2
613,421,3
613,422,3
613,423,3
613,424,3
613,425,3
613,426,3
613,427,2
613,428,2
613,429,2
613,430,3
613,431,3
613,432,3
613,433,3
613,434,3
613,435,3
613,436,2
613,445,3
613,446,3
613,447,3
613,459,2
613,460,3
613,461,2
613,462,2
613,463,2
613,464,2
613,465,3
613,470,3
613,471,3
613,476,2
613,479,2
613,480,3
613,482,2
613,483,2
613,490,2
613,492,2
613,494,2
613,495,2
613,500,2
613,501,3
613,502,3
613,511,3
613,512,2
613,513,3
613,514,3
613,515,3
613,532,3
613,533,3
613,534,3
613,546,3
613,547,3
613,674,3
614,240,2
614,250,2
614,254,3
614,500,3
614,501,3
614,567,2
614,574,3
614,617,2
614,626,2
614,632,2
614,666,3
615,574,3
615,624,3
615,630,2
615,631,2
615,634,2
615,642,2
615,649,2
615,650,2
615,671,3
615,672,3
615,673,3
615,696,3
615,697,3
616,204,2
616,262,2
616,318,2
616,347,3
616,538,3
616,654,1
616,697,3
617,117,2
617,130,3
617,141,2
617,142,2
617,143,2
617,150,2
617,163,2
617,179,2
617,180,2
617,181,2
617,187,2
617,250,2
617,251,3
617,252,3
617,255,3
617,256,3
617,283,2
617,284,2
617,287,2
617,294,2
617,421,3
617,422,3
617,437,2
617,460,3
617,461,2
617,462,2
617,463,2
617,472,3
617,473,3
617,500,3
617,503,3
617,504,3
617,505,3
617,527,3
617,528,3
617,529,3
618,238,1
618,239,1
618,253,1
618,257,1
618,258,1
618,259,1
618,265,3
618,278,1
618,279,1
618,280,1
618,281,1
618,282,1
618,283,1
618,284,1
618,285,1
618,286,1
618,287,1
618,288,1
618,289,1
618,290,1
618,291,1
618,292,2
618,293,1
618,294,1
618,298,1
618,299,1
618,301,1
618,302,1
618,303,1
618,306,1
618,307,3
618,308,3
618,309,1
618,310,1
618,311,1
618,312,1
618,313,1
618,314,1
618,315,1
618,316,1
618,317,1
618,318,1
618,319,1
618,320,1
618,321,1
618,322,1
618,323,1
618,324,1
618,325,1
618,326,1
618,327,3
618,328,3
618,329,3
618,330,3
618,331,2
618,332,2
618,333,2
618,334,2
618,335,2
618,336,2
618,337,2
618,338,2
618,339,2
618,340,2
618,341,2
618,342,2
618,343,2
618,344,2
618,345,2
618,346,2
618,347,2
618,348,2
618,349,1
618,350,1
618,351,1
618,352,1
618,353,1
618,354,1
618,355,1
618,356,1
618,357,1
618,358,1
618,359,1
618,360,1
618,361,1
618,362,1
618,363,1
618,364,1
618,365,1
618,366,1
618,367,1
618,368,1
618,369,1
618,370,1
618,371,1
618,372,1
618,373,1
618,374,1
618,375,1
618,376,1
618,377,1
618,378,1
618,379,1
618,380,1
618,381,1
618,382,1
618,383,2
618,384,1
618,385,1
618,386,1
618,387,1
618,388,1
618,389,1
618,390,1
618,391,1
618,392,1
618,393,1
618,394,1
618,395,1
618,396,1
618,397,1
618,398,1
618,399,1
618,400,1
618,401,1
618,402,1
618,403,1
618,404,3
618,405,3
618,406,3
618,407,3
618,408,2
618,409,3
618,410,2
618,411,2
618,412,2
618,413,3
618,414,3
618,415,3
618,416,2
618,417,3
618,418,2
618,419,3
618,420,1
618,421,2
618,422,3
618,423,3
618,424,3
618,425,3
618,426,3
618,427,1
618,428,1
618,429,1
618,430,3
618,431,1
618,432,3
618,433,2
618,434,2
618,448,2
618,449,2
618,462,1
618,466,2
618,467,3
618,470,3
618,471,3
618,479,1
618,482,2
618,483,2
618,485,2
618,486,2
618,487,2
618,488,3
618,489,1
618,494,1
618,495,1
618,498,1
618,499,3
618,500,2
618,518,3
618,521,3
618,524,3
618,528,3
618,529,2
618,533,3
618,534,3
618,540,2
618,545,3
618,546,3
618,548,3
618,556,2
618,557,1
619,45,2
619,46,2
619,74,2
619,99,2
619,100,2
619,101,2
619,108,2
619,109,2
619,110,2
619,133,2
619,134,2
619,135,2
619,137,2
619,259,3
619,263,2
619,266,3
619,267,3
619,279,2
619,280,2
619,293,2
619,343,3
619,344,3
619,361,2
619,390,2
619,399,2
619,421,3
619,460,3
619,463,2
619,496,3
619,498,2
619,538,3
619,543,3
619,574,3
619,579,2
619,618,2
619,678,2
620,60,2
620,61,2
620,64,2
620,66,2
620,67,2
620,74,2
620,86,2
620,87,2
620,99,2
620,100,2
620,107,2
620,108,2
620,122,2
620,127,2
620,129,2
620,135,2
620,136,2
620,164,2
620,165,2
620,174,2
620,175,2
620,198,2
620,204,2
621,253,1
621,259,2
621,266,2
621,267,3
621,278,1
621,279,1
621,280,1
621,294,1
621,331,2
621,332,2
621,333,2
621,334,2
621,335,2
621,336,2
621,337,2
621,338,2
621,339,2
621,377,1
621,378,1
621,379,2
621,380,1
621,381,2
621,382,1
621,383,2
621,384,1
621,394,1
621,395,1
621,398,1
621,417,3
621,418,2
621,419,3
621,427,1
621,462,1
621,463,1
621,464,1
621,470,3
621,495,1
621,496,3
621,500,2
621,521,3
621,538,3
621,567,1
621,574,2
622,77,3
622,78,3
622,91,3
622,93,3
622,99,3
622,102,3
622,111,3
622,116,3
622,118,3
622,130,3
622,162,3
622,167,3
622,168,3
622,169,3
622,172,3
622,193,3
622,194,3
622,199,3
623,66,3
623,67,3
623,72,3
623,73,3
623,74,3
623,81,3
623,92,3
623,93,3
623,117,3
623,124,3
623,131,3
623,132,3
623,178,3
623,192,3
623,201,3
623,204,3
624,2,3
624,98,3
624,101,3
624,108,3
624,109,3
624,119,3
624,120,3
624,122,3
624,131,3
624,173,3
624,174,3
624,175,3
624,179,3
624,200,3
624,201,3
624,202,3
624,203,3
624,288,3
624,437,3
624,493,3
624,497,3
624,498,3
625,250,3
625,253,3
625,254,3
625,258,3
625,259,3
625,262,3
625,263,3
625,266,3
625,279,3
625,280,3
625,283,3
625,284,3
625,299,3
625,309,3
625,315,3
625,327,3
625,418,3
625,419,3
625,460,3
625,461,3
625,484,3
625,485,3
625,489,3
625,496,3
625,498,3
625,521,3
625,538,3
625,545,3
626,2,2
626,34,2
626,54,1
626,59,1
626,75,1
626,78,1
626,90,1
626,93,3
626,100,1
626,105,1
626,111,1
626,129,1
626,130,1
626,158,1
626,159,1
626,160,1
626,172,1
626,174,1
626,224,2
626,227,3
626,228,3
626,239,1
626,264,1
626,273,3
626,274,3
626,275,3
626,283,1
626,292,2
626,329,3
626,336,2
626,348,2
626,360,1
626,375,1
626,398,1
626,399,1
626,430,3
626,431,3
626,448,2
626,451,3
626,461,1
626,469,3
626,479,1
626,480,3
626,486,2
626,491,1
626,496,3
626,502,3
626,503,3
626,504,3
626,505,3
626,506,2
626,507,3
626,508,2
626,516,3
626,517,2
626,518,3
626,519,3
626,520,3
626,536,3
626,549,2
626,554,3
627,64,1
627,65,1
627,99,1
627,100,1
627,122,1
627,125,1
627,126,1
627,128,1
627,129,1
627,169,1
627,175,1
627,176,1
627,181,1
627,186,1
627,187,1
627,198,1
627,203,1
628,251,3
628,252,3
628,256,3
628,258,1
628,259,2
628,260,3
628,262,1
628,263,1
628,327,3
628,380,1
628,387,1
628,393,1
628,418,2
628,419,3
628,439,3
628,440,1
628,484,2
628,485,2
628,489,1
628,490,1
628,492,1
628,494,1
628,521,3
628,530,3
628,535,3
628,538,3
629,249,2
629,250,2
629,251,3
629,252,3
629,254,3
629,255,3
629,256,3
629,258,2
629,259,2
629,262,2
629,264,2
629,280,2
629,299,2
629,312,2
629,327,3
629,370,2
629,379,3
629,380,2
629,381,3
629,393,2
629,396,2
629,437,2
629,464,2
629,485,2
629,489,2
629,494,2
629,495,2
629,503,3
629,521,3
629,530,3
630,257,1
630,264,1
630,265,3
630,273,3
630,274,3
630,276,3
630,279,1
630,281,1
630,282,1
630,300,1
630,301,1
630,302,1
630,303,1
630,319,1
630,325,1
630,329,3
630,341,1
630,346,2
630,349,1
630,350,1
630,356,1
630,358,1
630,372,1
630,375,1
630,389,1
630,399,1
630,400,1
630,401,1
630,417,3
630,421,2
630,424,3
630,434,2
630,435,3
630,440,1
630,445,3
630,446,2
630,447,2
630,448,2
630,449,2
630,450,2
630,466,2
630,469,3
630,486,2
630,502,3
630,503,3
630,508,2
630,518,3
630,519,3
630,520,3
631,253,2
631,257,2
631,271,3
631,278,2
631,279,2
631,281,2
631,282,2
631,283,2
631,285,2
631,286,2
631,287,2
631,293,2
631,294,2
631,295,2
631,296,2
631,297,2
631,300,2
631,301,2
631,302,2
631,303,2
631,311,2
631,319,2
631,320,2
631,321,2
631,322,2
631,323,2
631,324,2
631,325,2
631,326,2
631,331,3
631,332,3
631,334,3
631,335,3
631,338,3
631,342,3
631,343,3
631,344,3
631,347,3
631,352,2
631,353,2
631,354,2
631,361,2
631,362,2
631,363,2
631,364,2
631,365,2
631,366,2
631,367,2
631,368,2
631,369,2
631,372,2
631,373,2
631,374,2
631,375,2
631,377,2
631,378,2
631,379,3
631,381,3
631,382,2
631,383,3
631,386,2
631,389,2
631,390,2
631,391,2
631,395,2
631,397,2
631,398,2
631,420,2
631,429,2
631,430,3
631,438,2
631,442,3
631,461,2
631,463,2
631,464,2
631,467,3
631,471,3
631,474,3
631,481,3
631,482,2
631,483,2
631,487,2
631,491,2
631,493,2
631,495,2
631,496,3
631,497,2
631,498,2
631,499,2
631,500,2
631,501,3
631,508,3
632,251,3
632,252,3
632,254,3
632,255,3
632,256,3
632,263,1
632,280,1
632,327,3
632,384,2
632,419,3
632,423,3
632,439,3
632,479,1
632,489,1
632,531,3
632,538,3
633,253,1
633,264,1
633,268,2
633,269,2
633,270,3
633,271,3
633,272,3
633,273,3
633,274,3
633,276,3
633,282,1
633,285,1
633,289,1
633,294,1
633,303,1
633,325,1
633,333,2
633,339,2
633,346,2
633,350,1
633,375,1
633,389,1
633,401,1
633,424,3
633,435,3
633,437,1
633,441,3
633,445,3
633,447,2
633,449,2
633,475,3
633,478,1
633,479,1
633,480,3
633,481,3
633,482,2
633,483,2
633,486,2
633,487,2
633,491,1
633,502,3
633,503,3
633,504,3
633,505,3
633,506,2
633,507,3
633,508,2
633,509,2
634,250,1
634,261,1
634,264,1
634,284,1
634,285,1
634,299,1
634,302,1
634,304,1
634,309,1
634,310,1
634,312,1
634,313,1
634,315,1
634,316,1
634,317,1
634,318,1
634,370,1
634,376,1
634,380,1
634,385,1
634,392,1
634,393,1
634,396,1
634,413,3
634,437,1
634,442,3
634,479,1
634,490,1
634,494,1
634,521,3
634,540,2
634,542,3
635,258,1
635,262,1
635,356,1
635,401,1
635,408,2
635,412,2
635,418,2
635,426,3
635,439,3
635,482,2
635,483,2
635,485,2
636,257,2
636,273,3
636,276,3
636,282,2
636,285,2
636,287,2
636,290,2
636,294,2
636,303,2
636,325,2
636,333,3
636,339,3
636,346,3
636,350,2
636,358,2
636,389,2
636,400,2
636,417,3
636,424,3
636,435,3
636,445,3
636,464,2
636,465,3
636,466,3
636,486,2
636,491,2
636,495,2
636,514,3
636,518,3
636,520,3
637,33,2
637,36,3
637,38,3
637,42,3
637,44,3
637,45,3
637,59,3
637,66,3
637,67,3
637,74,3
637,81,3
637,90,3
637,95,3
637,98,3
637,100,3
637,104,3
637,108,3
637,116,3
637,118,3
637,122,3
637,126,3
637,127,3
637,131,3
637,160,3
637,162,3
637,163,3
637,173,3
637,179,3
637,187,3
637,191,3
637,199,3
637,204,3
637,207,3
637,214,3
637,216,3
637,440,3
637,478,3
637,502,3
637,503,3
638,251,3
638,252,3
638,254,3
638,255,3
638,256,3
638,259,2
638,260,3
638,262,1
638,263,1
638,387,1
638,409,3
638,418,2
638,419,3
638,484,2
638,485,2
638,538,3
638,556,2
638,557,1
638,574,2
639,2,3
639,32,3
639,36,2
639,40,2
639,64,2
639,81,2
639,99,2
639,109,2
639,155,2
639,178,2
639,187,2
639,202,2
639,227,3
639,251,3
639,252,3
639,258,2
639,259,3
639,260,3
639,262,2
639,263,2
639,284,2
639,309,2
639,310,2
639,370,2
639,388,2
639,412,3
639,485,2
639,488,3
639,490,2
639,535,3
639,566,3
639,567,2
639,568,2
639,574,2
639,575,3
639,579,2
639,581,3
639,698,2
640,566,3
640,567,2
640,568,2
640,575,3
640,581,3
640,671,3
640,677,3
640,694,1
640,695,1
640,696,3
640,698,1
640,699,1
641,561,3
641,563,3
641,565,3
642,250,2
642,258,2
642,263,2
642,267,3
642,284,2
642,301,2
642,302,2
642,358,2
642,360,2
642,418,3
642,442,3
642,478,2
642,488,3
642,492,2
642,508,3
642,530,3
642,567,2
642,574,3
643,253,2
643,258,2
643,260,3
643,266,3
643,279,2
643,280,2
643,284,2
643,293,2
643,302,2
643,379,3
643,380,2
643,393,2
643,394,2
643,395,2
643,396,2
643,397,2
643,398,2
643,417,3
643,426,3
643,443,3
643,476,2
643,483,2
643,484,2
643,485,2
643,574,3
643,577,2
644,258,2
644,259,3
644,260,3
644,261,2
644,262,2
644,263,2
644,281,2
644,287,2
644,294,2
644,302,2
644,303,2
644,362,2
644,376,2
644,380,2
644,387,2
644,388,2
644,390,2
644,391,2
644,392,2
644,394,2
644,395,2
644,396,2
644,419,3
644,420,2
644,459,2
644,466,3
644,471,3
644,483,2
644,496,3
644,521,3
644,535,3
644,537,3
644,556,2
645,253,3
645,254,3
645,255,3
645,266,3
645,278,3
645,279,3
645,299,3
645,437,3
645,438,3
645,459,3
645,460,3
645,461,3
645,462,3
645,463,3
645,464,3
645,465,3
645,470,3
645,471,3
645,476,3
645,478,3
645,489,3
645,490,3
645,494,3
645,495,3
645,496,3
645,497,3
645,500,3
645,534,3
645,535,3
645,547,3
645,571,3
646,66,3
646,67,3
646,77,3
646,97,3
646,100,3
646,142,3
646,143,3
646,149,3
646,176,3
646,177,3
646,281,3
646,300,3
646,309,3
646,310,3
646,312,3
646,313,3
646,315,3
646,316,3
646,317,3
646,320,3
646,321,3
646,324,3
646,325,3
646,326,3
646,418,3
646,419,3
646,427,3
646,434,3
646,438,3
646,460,3
646,461,3
646,462,3
646,478,3
646,492,3
646,502,3
646,538,3
647,282,3
647,300,3
647,308,3
647,309,3
647,311,3
647,312,3
647,314,3
647,315,3
647,318,3
647,319,3
647,320,3
647,322,3
647,323,3
647,326,3
647,418,3
647,434,3
647,442,3
647,455,3
647,465,3
647,489,3
647,494,3
648,53,2
648,110,2
648,128,2
648,129,2
648,143,2
648,207,2
648,238,2
648,264,2
648,279,2
648,282,2
648,283,2
648,287,2
648,306,2
648,347,3
648,460,3
648,462,2
648,471,3
648,495,2
648,496,3
648,538,3
648,543,3
649,74,2
649,90,2
649,112,2
649,124,2
649,161,2
649,186,2
649,187,2
649,196,2
649,199,2
649,204,2
650,251,3
650,256,3
650,278,1
650,279,1
650,287,1
650,306,1
650,341,2
650,349,1
650,400,1
650,440,1
650,441,1
650,446,2
650,464,1
650,465,3
650,466,2
650,493,1
650,497,1
650,501,3
650,503,3
650,508,2
650,520,3
650,526,3
650,533,3
650,535,3
650,541,2
651,250,1
651,253,1
651,257,1
651,267,3
651,281,1
651,282,1
651,283,1
651,285,1
651,288,1
651,290,1
651,291,1
651,307,3
651,374,1
651,383,2
651,389,1
651,403,1
651,406,3
651,423,3
651,435,3
651,437,1
651,439,3
651,441,3
651,456,3
651,457,3
651,463,1
651,464,1
651,465,3
651,472,3
651,473,3
651,490,1
651,492,1
651,493,1
651,500,2
651,515,3
651,520,3
651,533,3
651,535,3
651,536,3
651,547,3
651,556,2
652,252,3
652,253,2
652,254,3
652,257,2
652,267,3
652,281,2
652,282,2
652,283,2
652,285,2
652,286,2
652,287,2
652,288,2
652,292,3
652,299,2
652,411,3
652,437,2
652,438,2
652,441,2
652,451,3
652,459,2
652,460,3
652,461,2
652,462,2
652,463,2
652,464,2
652,465,3
652,466,3
652,470,3
652,473,3
652,474,3
652,475,3
652,476,2
652,481,3
652,490,2
652,491,2
652,493,2
652,495,2
652,497,2
652,501,3
652,518,3
652,519,3
652,530,3
652,531,3
652,538,3
652,547,3
653,74,2
653,90,2
653,161,2
653,178,2
653,186,2
653,187,2
653,197,2
653,199,2
653,204,2
654,273,3
654,274,3
654,275,3
654,276,3
654,287,2
654,289,2
654,290,2
654,403,2
654,428,2
654,437,2
654,438,2
654,441,3
654,450,3
654,451,3
654,458,3
654,459,2
654,461,2
654,468,3
654,479,1
654,480,3
654,505,3
654,506,2
654,507,3
654,508,3
654,509,2
654,513,3
654,515,3
654,522,3
654,523,3
654,546,3
655,62,2
655,68,2
655,75,2
655,81,2
655,92,2
655,103,2
655,107,2
655,112,2
655,120,2
655,125,2
655,126,2
655,132,2
655,159,2
655,172,2
655,192,2
655,202,2
655,228,3
655,239,2
655,255,3
655,258,2
655,259,3
655,287,2
655,290,2
655,291,2
655,302,2
655,306,2
655,314,2
655,334,3
655,358,2
655,367,2
655,393,2
655,397,2
655,408,3
655,431,3
655,432,3
655,485,2
655,489,2
655,500,3
655,541,3
655,543,3
656,36,2
656,47,2
656,52,2
656,53,2
656,59,2
656,86,2
656,87,2
656,100,2
656,110,2
656,111,2
656,124,2
656,130,3
656,155,2
656,170,2
656,181,2
656,198,2
656,204,2
656,207,2
656,221,3
656,227,3
656,229,3
656,257,2
656,258,2
656,259,3
656,262,2
656,265,3
656,284,2
656,285,2
656,289,2
656,294,2
656,299,2
656,301,2
656,302,2
656,308,3
656,317,2
656,329,3
656,331,3
656,373,2
656,391,2
656,393,2
656,395,2
656,429,2
656,486,2
657,34,2
657,38,1
657,39,1
657,42,1
657,72,1
657,74,1
657,95,1
657,97,1
657,98,1
657,100,1
657,101,1
657,102,1
657,142,1
657,143,1
657,156,1
657,188,1
657,189,1
657,193,1
657,221,3
657,227,3
657,258,1
657,259,2
657,280,1
657,302,1
657,327,1
657,370,1
657,388,1
657,423,3
657,424,3
657,437,1
657,485,2
657,489,1
657,492,1
657,538,3
657,560,2
657,567,1
657,573,3
657,575,2
658,66,2
658,67,2
658,80,2
658,81,3
658,92,2
658,98,2
658,107,2
658,108,2
658,110,2
658,125,2
658,128,2
658,129,2
658,130,3
658,141,2
658,143,2
658,154,2
658,155,2
658,169,2
658,179,2
658,198,2
658,221,3
658,224,3
658,227,3
658,249,2
658,258,2
658,259,3
658,263,2
658,280,2
658,289,2
658,301,2
658,318,2
658,344,3
658,345,3
658,353,2
658,354,2
658,391,2
658,392,2
658,419,3
658,430,3
658,437,2
658,459,2
658,460,3
658,461,2
658,462,2
658,463,2
658,465,3
658,486,2
658,487,2
658,498,2
658,499,3
658,500,3
658,526,3
658,527,3
658,580,2
658,639,2
659,561,3
659,562,3
659,563,3
659,564,3
659,565,3
659,569,3
659,693,3
660,67,3
660,69,3
660,71,3
660,78,3
660,85,3
660,90,3
660,93,3
660,108,3
660,109,3
660,116,3
660,125,3
660,126,3
660,136,3
660,142,3
660,162,3
660,178,3
660,196,3
660,221,3
660,252,3
660,259,3
660,262,3
660,267,3
660,288,3
660,301,3
660,315,3
660,365,3
660,396,3
660,437,3
660,490,3
660,491,3
660,497,3
660,498,3
660,532,3
660,538,3
660,556,3
660,561,3
660,562,3
660,563,3
660,564,3
660,565,3
660,574,3
661,77,2
661,78,2
661,81,3
661,106,2
661,108,2
661,109,2
661,125,2
661,128,2
661,129,2
661,130,3
661,174,2
661,175,2
661,176,2
661,177,2
661,188,2
661,189,2
661,190,2
661,202,2
661,203,2
662,58,2
662,66,2
662,82,2
662,88,2
662,89,2
662,96,2
662,97,2
662,105,2
662,113,2
662,114,2
662,118,2
662,122,2
662,124,2
662,129,2
662,130,3
662,147,2
662,151,2
662,152,2
662,161,2
662,172,2
662,181,2
662,182,2
662,183,2
662,192,2
662,193,2
662,207,2
662,210,2
662,215,2
662,216,2
662,217,2
662,220,2
662,221,3
663,258,3
663,262,3
663,327,3
663,397,3
663,521,3
663,535,3
663,567,3
663,571,3
663,572,3
663,574,3
663,575,3
663,581,3
663,583,3
663,695,3
663,698,3
664,258,3
664,259,3
664,260,3
664,266,3
664,284,3
664,315,3
664,370,3
664,371,3
664,395,3
664,396,3
664,419,3
664,492,3
664,500,3
664,501,3
664,520,3
664,521,3
664,537,3
664,538,3
664,546,3
665,257,2
665,266,3
665,398,2
665,418,3
665,435,3
665,570,2
665,572,3
665,573,2
665,575,3
665,581,3
665,583,2
666,309,3
666,310,3
666,311,3
666,312,3
666,313,3
666,314,3
666,315,3
666,316,3
666,317,3
666,318,3
666,319,3
666,320,3
666,321,3
666,322,3
666,323,3
666,324,3
666,325,3
666,326,3
666,328,3
666,361,3
666,362,3
666,363,3
666,364,3
666,365,3
666,388,3
666,391,3
666,392,3
666,393,3
666,394,3
666,395,3
666,397,3
666,398,3
666,399,3
666,420,3
666,421,3
666,529,3
666,545,3
667,265,3
667,266,3
667,482,3
667,483,3
667,484,3
667,485,3
667,486,3
667,487,3
667,488,3
667,489,3
667,494,3
668,69,3
668,250,3
668,255,3
668,260,3
668,279,3
668,301,3
668,307,3
668,308,3
668,319,3
668,362,3
668,376,3
668,388,3
668,392,3
668,396,3
668,437,3
668,463,3
668,486,3
668,499,3
668,500,3
668,501,3
668,538,3
668,544,3
668,546,3
668,547,3
668,548,3
668,561,3
668,564,2
668,570,2
669,257,1
669,260,3
669,267,1
669,282,1
669,287,1
669,291,1
669,306,1
669,329,3
669,346,2
669,373,1
669,390,1
669,399,1
669,409,3
669,419,3
669,422,3
669,436,1
669,439,3
669,442,3
669,447,2
669,448,2
669,451,3
669,466,2
669,470,3
669,479,1
669,488,3
669,531,3
669,532,3
669,533,3
669,539,2
669,546,3
670,250,1
670,257,1
670,258,1
670,259,2
670,260,3
670,261,1
670,262,1
670,263,1
670,267,3
670,278,1
670,284,1
670,293,1
670,300,1
670,301,1
670,310,1
670,312,1
670,326,1
670,327,3
670,353,1
670,362,1
670,388,1
670,396,1
670,418,2
670,419,3
670,461,1
670,463,1
670,464,1
670,471,3
670,472,3
670,482,2
670,483,2
670,485,2
670,492,1
670,493,1
670,530,3
670,533,3
670,557,1
671,250,3
671,251,3
671,252,3
671,257,3
671,281,3
671,282,3
671,389,3
671,403,3
671,449,3
671,452,3
671,454,3
671,460,3
671,461,3
671,462,3
671,464,3
671,465,3
671,468,3
671,474,3
671,475,3
671,494,3
671,495,3
671,496,3
671,497,3
671,498,3
671,499,3
671,500,3
671,501,3
671,502,3
671,503,3
671,504,3
671,505,3
671,506,3
671,507,3
671,508,3
671,509,3
671,520,3
671,521,3
671,523,3
671,524,3
671,525,3
671,526,3
671,527,3
671,528,3
671,529,3
671,530,3
671,531,3
671,532,3
672,252,3
672,265,3
672,281,2
672,282,2
672,437,2
672,461,2
672,462,2
672,465,3
672,502,3
672,503,3
672,508,3
672,511,3
672,512,3
672,513,3
672,514,3
672,515,3
672,521,3
672,534,3
672,537,3
673,251,3
673,500,3
673,501,3
673,502,3
673,503,3
673,505,3
673,506,3
673,507,3
673,508,3
673,509,3
673,521,3
673,529,3
673,536,3
674,250,3
674,437,3
674,478,3
674,489,3
674,490,3
674,491,3
674,492,3
674,493,3
674,494,3
674,520,3
675,392,3
675,399,3
675,417,3
675,420,3
675,502,3
675,522,3
675,523,3
675,524,3
675,525,3
675,527,3
675,528,3
675,530,3
675,531,3
675,533,3
675,534,3
676,250,1
676,253,1
676,501,3
676,507,3
676,523,3
676,531,3
676,532,3
676,533,3
676,534,3
676,535,3
676,536,3
676,537,3
676,538,3
677,348,3
677,418,3
677,422,3
677,500,3
677,504,3
677,521,3
677,522,3
677,523,3
677,524,3
677,525,3
677,526,3
677,527,3
677,528,3
677,529,3
677,530,3
677,531,3
677,532,3
678,281,2
678,288,2
678,379,3
678,381,3
678,396,2
678,440,2
678,478,2
678,502,3
678,503,3
678,504,3
678,505,3
678,506,3
678,507,3
678,508,3
678,509,3
678,527,3
678,533,3
679,2,3
679,38,3
679,80,3
679,106,3
679,107,3
679,130,3
679,178,3
679,204,3
679,227,3
679,238,3
679,258,3
679,259,3
679,280,3
679,295,3
679,296,3
679,410,3
679,492,3
679,567,3
679,571,3
679,573,3
679,576,3
679,583,3
679,589,3
679,604,3
679,608,3
680,2,3
680,259,3
680,260,3
680,306,3
680,566,3
680,575,3
680,581,3
680,628,3
680,630,3
680,680,2
680,685,2
680,686,2
680,691,3
680,693,3
680,696,3
680,697,3
681,83,3
681,264,3
681,265,3
681,482,3
681,483,3
681,484,3
681,485,3
681,486,3
681,487,3
681,488,3
682,103,3
682,125,3
682,126,3
682,129,3
682,130,3
682,159,3
682,160,3
682,161,3
682,163,3
682,179,3
682,180,3
682,193,3
683,534,3
683,572,3
683,576,3
683,578,3
683,581,3
683,583,3
683,584,3
683,602,3
683,604,2
683,608,2
683,658,3
683,659,3
683,661,2
683,664,3
683,665,2
683,666,2
683,667,3
683,668,3
683,669,3
683,683,2
683,686,2
683,687,2
683,688,2
683,691,2
683,695,2
683,696,3
683,697,3
683,698,2
683,699,2
683,700,2
684,266,3
684,567,2
684,570,2
684,575,3
684,578,2
684,582,3
684,583,2
684,602,2
684,603,2
684,614,2
684,639,2
684,659,3
684,661,1
684,679,3
684,684,1
684,694,1
684,695,1
684,696,3
684,698,1
684,699,1
684,700,1
685,4,3
685,88,2
685,89,2
685,91,2
685,101,2
685,105,2
685,106,2
685,107,2
685,108,2
685,113,2
685,123,2
685,130,3
685,133,2
685,134,2
685,135,2
685,136,2
685,140,2
685,141,2
685,142,2
685,143,2
685,163,2
685,164,2
685,165,2
685,173,2
685,174,2
685,179,2
685,202,2
685,203,2
686,4,3
686,72,3
686,73,3
686,88,3
686,89,3
686,125,3
686,126,3
686,127,3
686,128,3
686,138,3
686,142,3
686,144,3
686,145,3
686,146,3
686,188,3
686,189,3
686,190,3
686,198,3
686,202,3
686,203,3
686,204,3
687,4,3
687,38,3
687,42,3
687,52,3
687,74,3
687,81,3
687,90,3
687,93,3
687,101,3
687,104,3
687,106,3
687,107,3
687,108,3
687,109,3
687,110,3
687,125,3
687,140,3
687,158,3
687,161,3
687,179,3
687,186,3
687,187,3
687,200,3
687,204,3
687,221,3
688,4,3
688,52,2
688,70,2
688,78,2
688,86,2
688,87,2
688,88,2
688,89,2
688,95,2
688,96,2
688,99,2
688,100,2
688,106,2
688,107,2
688,108,2
688,109,2
688,110,2
688,111,2
688,116,2
688,129,2
688,130,3
688,131,2
688,132,2
688,161,2
688,163,2
688,188,2
688,189,2
688,207,2
688,218,2
689,4,3
689,55,3
689,58,3
689,82,3
689,106,3
689,107,3
689,108,3
689,109,3
689,110,3
689,111,3
689,112,3
689,118,3
689,127,3
689,128,3
689,156,3
689,181,3
689,199,3
689,201,3
689,202,3
689,204,3
689,221,3
690,4,3
690,13,3
690,14,3
690,67,3
690,81,3
690,100,3
690,175,3
690,221,3
690,222,3
690,223,3
690,224,3
690,225,3
690,226,3
690,227,3
690,228,3
690,229,3
690,230,3
690,231,3
691,4,3
691,95,3
691,96,3
691,99,3
691,100,3
691,107,3
691,108,3
691,131,3
691,132,3
691,158,3
691,159,3
691,160,3
691,164,3
691,165,3
691,190,3
691,200,3
691,205,3
692,4,3
692,66,2
692,67,2
692,72,2
692,73,2
692,86,2
692,87,2
692,89,2
692,91,2
692,92,2
692,100,2
692,101,2
692,104,2
692,119,2
692,125,2
692,126,2
692,128,2
692,130,3
692,155,2
692,156,2
692,157,2
692,163,2
692,177,2
692,180,2
692,186,2
692,187,2
692,204,2
693,122,1
693,176,1
693,198,1
693,252,3
693,255,3
693,259,2
693,260,3
693,266,2
693,267,3
693,278,1
693,280,1
693,284,1
693,315,1
693,418,2
693,419,3
693,536,3
693,571,2
693,573,3
693,574,2
693,575,2
693,619,2
693,650,1
693,678,2
693,696,3
693,697,3
693,700,2
694,63,2
694,66,2
694,77,2
694,79,2
694,93,2
694,100,2
694,107,2
694,111,2
694,125,2
694,126,2
694,130,3
694,142,2
694,143,2
694,155,2
694,156,2
694,163,2
694,181,2
694,196,2
694,207,2
694,225,3
694,226,3
694,255,3
694,256,3
694,266,3
694,267,3
694,278,2
694,280,2
694,299,2
694,310,2
694,327,2
694,370,2
694,418,3
694,419,3
694,465,3
694,488,3
694,566,3
694,575,3
694,620,1
694,697,3
694,698,1
694,700,1
695,61,2
695,75,2
695,76,2
695,97,2
695,102,2
695,103,2
695,106,2
695,107,2
695,112,2
695,113,2
695,117,2
695,125,2
695,126,2
695,138,2
695,155,2
695,164,2
695,178,2
695,199,2
695,205,2
695,221,3
695,225,3
695,226,3
695,245,1
695,256,3
695,284,2
695,293,2
695,308,3
695,319,2
695,370,2
695,380,2
695,414,3
695,418,3
695,432,3
695,492,2
695,571,2
695,575,3
695,577,2
696,67,3
696,68,3
696,77,3
696,78,3
696,79,3
696,80,3
696,96,3
696,110,3
696,113,3
696,116,3
696,130,3
696,131,3
696,132,3
696,135,3
696,145,3
696,146,3
696,147,3
696,150,3
696,151,3
696,152,3
696,153,3
696,155,3
696,156,3
696,166,3
696,167,3
696,185,3
696,198,3
696,200,3
696,201,3
696,266,3
696,279,3
696,280,3
696,287,3
696,427,3
697,62,3
697,63,3
697,66,3
697,67,3
697,76,3
697,77,3
697,78,3
697,92,3
697,93,3
697,95,3
697,96,3
697,99,3
697,100,3
697,103,3
697,108,3
697,110,3
697,113,3
697,125,3
697,126,3
697,129,3
697,130,3
697,131,3
697,132,3
697,134,3
697,140,3
697,141,3
697,142,3
697,143,3
697,144,3
697,145,3
697,146,3
697,147,3
697,148,3
697,149,3
697,154,3
697,155,3
697,156,3
697,157,3
697,163,3
697,169,3
697,170,3
697,171,3
697,174,3
697,175,3
697,178,3
697,188,3
697,196,3
697,197,3
697,200,3
697,201,3
697,204,3
698,258,2
698,259,3
698,262,1
698,263,1
698,264,1
698,266,3
698,280,2
698,287,2
698,300,2
698,301,2
698,302,2
698,303,2
698,306,2
698,309,2
698,314,2
698,315,2
698,320,2
698,327,3
698,362,2
698,376,2
698,380,2
698,387,2
698,390,2
698,391,2
698,392,2
698,393,2
698,394,2
698,395,2
698,396,2
698,397,2
698,398,2
698,399,2
698,465,3
698,483,2
698,484,1
698,485,2
698,486,2
698,492,2
698,495,2
698,532,3
698,534,3
698,557,2
699,66,3
699,92,2
699,126,3
699,203,3
699,204,3
699,220,3
699,228,3
699,258,2
699,259,3
699,267,3
699,302,3
699,322,2
699,366,2
699,393,2
699,397,2
699,418,3
699,429,3
699,470,3
700,63,2
700,80,2
700,148,2
700,156,2
700,387,2
700,499,2
700,500,2
700,532,3
700,543,3
700,546,3
700,568,2
700,575,3
